id,size,rl_ms,cp_cold_ms,cp_warm_ms,rl_time,cp_cold_time,hybrid_time
0,15x15,2460.0,1231.0,1517.0,191.42580652236938,3.43058443069458,0.18723011016845703
1,20x15,3660.0,1430.0,1892.0,337.6893186569214,20.096595287322998,1.1492769718170166
2,20x20,4761.0,1719.0,2341.0,564.651022195816,20.098624229431152,0.6549761295318604
3,30x15,5568.0,1864.0,2445.0,590.6107330322266,20.029328107833862,0.7597582340240479
4,30x20,6353.0,2242.0,2599.0,1070.7474145889282,20.06934428215027,2.247708797454834
5,50x15,7718.0,3061.0,3419.0,1688.7605481147766,20.11432671546936,3.1704251766204834
6,50x20,9364.0,3115.0,3840.0,3840.8159103393555,20.092052459716797,7.782331228256226
7,100x20,20172.0,5900.0,7273.0,14069.537448644638,20.12561559677124,20.15914750099182
